model,eval_loss,eval_model_preparation_time,eval_f1,eval_roc_auc,eval_hamming_loss,eval_runtime,eval_samples_per_second,eval_steps_per_second
AfriBERTa Zulu,0.2766675651073456,0.0261,0.29540316503391106,0.7332154634185409,0.15225533300765348,11.3331,180.621,22.589
AfriBERTa Xhosa,0.3746401369571686,0.0092,0.4297686892390211,0.774329129178856,0.17785445420326224,5.8689,271.601,34.078
AfriBERTa Swahili,0.30775174498558044,0.0028,0.08963093145869948,0.6668071898060747,0.10426731078904992,13.7458,240.947,30.118
XLM-R Zulu,0.2846701741218567,0.0028,0.0,0.5864167545903105,0.08304836345872008,10.3684,197.427,24.69
XLM-R Xhosa,0.4348454177379608,0.0047,0.0,0.7147166926880042,0.15809284818067754,5.2109,305.896,38.381
XLM-R Swahili,0.31368282437324524,0.0028,0.0,0.6479140097659257,0.09973832528180354,14.854,222.971,27.871
Serengeti Zulu,0.2644563615322113,0.0027,0.3539622641509434,0.7609287783662568,0.13939097866796937,8.223,248.936,31.132
Serengeti Xhosa,0.35894814133644104,0.0029,0.44329516069449576,0.7793379491637689,0.15757005437055624,5.1752,308.01,38.646
Serengeti Swahili,0.30660387873649597,0.0047,0.11262798634812286,0.6783068296614754,0.10466988727858294,12.6773,261.255,32.657
