Model,Language,Loss,F1 Micro,F1 Macro,ROC AUC,Hamming Loss,Subset Accuracy,Runtime,Samples Per Second,Steps Per Second
afriberta_large_zulu,zulu,0.26442188024520874,0.001953125,0.000782472613458529,0.707974369822516,0.08321120338707051,0.5769418661455789,10.339,197.988,12.38
afriberta_large_xhosa,xhosa,0.34145504236221313,0.5048133364639587,0.1817395684238965,0.8240641353687802,0.22051442910915936,0.1191969887076537,5.7242,278.467,17.47
afriberta_large_swahili,swahili,0.31065186858177185,0.005988023952095809,0.004132209372384045,0.6485520607772918,0.10024154589371981,0.44323671497584544,13.0048,254.675,15.917
xlm-roberta-base_zulu,zulu,0.5636183619499207,0.15336039693279205,0.14811439662871004,0.6307667028807618,0.9169516365412799,0.0,9.1597,223.48,13.974
xlm-roberta-base_xhosa,xhosa,0.49280619621276855,0.335648411704429,0.24097799364487935,0.8133028584702082,0.6101003764115432,0.0,4.8996,325.336,20.41
xlm-roberta-base_swahili,swahili,0.493953138589859,0.18738302323021028,0.1552351138089875,0.5636122531514767,0.7428542673107891,0.0,13.3751,247.625,15.477
serengeti-E250_zulu,zulu,0.266395628452301,0.0,0.0,0.7089503657971802,0.08304836345872008,0.5774303859306302,7.5624,270.68,16.926
serengeti-E250_xhosa,xhosa,0.35482385754585266,0.4924795874516545,0.17701637992167799,0.8276122120896712,0.24696779590129653,0.014429109159347553,3.8843,410.366,25.744
serengeti-E250_swahili,swahili,0.3133544921875,0.0,0.0,0.6397363301575554,0.09973832528180354,0.4444444444444444,12.4598,265.815,16.613
